Paper Title,Author,Journal/Conference,Publish Date,Citation Count,Selection Rationale,Keywords,Abstract,Paper URL
The Last Harness You'll Ever Build,"Haebin Seong, Li Yin, Haoran Zhang, Zhan Shi",,2026-04-22,0,"HSIL 전체 루프와 직접 공명: Worker→Evaluator→Evolution Agent 3자구조의 폐루프가 HSIL의 ATTRIB→MINE→PROPOSE 단계와 정합하며, Meta-Evolution Loop는 MERGE의 상위 수준 자동화와 대응됨. Evolution Agent가 'failure patterns를 식별→분류→수정'하는 메커니즘이 HSIL의 MINE→PROPOSE와 정확히 대응.",HSIL/harness evolution loop/meta-evolution/failure patterns,"Evaluation Protocol
Generalization is evaluated on : given a new, unseen task, how quickly does the inner harness evolution loop—configured with the learned —produce a high-performing worker harness? The key metrics are: Convergence speed: number of inner-loop iterations to reach a target performance threshold. Final performance: task pass rate after a fixed number of iterations. Robustness: variance in convergence speed across different meta-test tasks. A well-optimized should enable the harness evolution loop to rapidly adapt to any novel task—producing effective worker harnesses with fewer iterations and less compute than a manually designed harness evolution loop.",https://arxiv.org/abs/2604.21003
HARBOR: Automated Harness Optimization,"Biswa Sengupta, Jinhua Wang",arXiv.org,2026-04-22,0,"하네스 플래그 공간을 베이지안 최적화로 자동 탐색하는 AHO 프레임워크. 수동 튜닝의 4라운드 중 단 1승(나머지 회귀)이라는 부정 사례가 REGRESS 단계의 필수성을 실증하고,管线 내부 텔레메트리 카운터로 버그를 자동 검출하는 메커니즘이 ATTRIB과 공명함.",AHO/harness optimization/feature flags/regression,"Long-horizon language-model agents are dominated, in lines of code and in operational complexity, not by their underlying model but by the harness that wraps it: context compaction, tool caching, semantic memory, trajectory reuse, speculative tool prediction, and the glue that binds the model to a sandboxed execution environment. We argue that harness design is a first-class machine-learning problem and that automated configuration search dominates manual stacking once the flag space exceeds a handful of bits. We defend this claim in two steps. First, we formalize automated harness optimization as constrained noisy Bayesian optimization over a mixed-variable, cost-heterogeneous configuration space with cold-start-corrected rewards and a posterior chance-constrained safety check, and give a reference solver, HARBOR (Harness Axis-aligned Regularized Bayesian Optimization Routine), built from a block-additive SAAS surrogate, multi-fidelity cost-aware acquisition, and TuRBO trust regions. Second, we instantiate the problem in a flag-gated harness over a production coding agent and report a controlled four-round manual-tuning case study against a fixed task suite and an end-to-end HARBOR run. The formulation itself is task-class agnostic: the configuration space, reward correction, acquisition, and safety check apply to any agent harness with a bounded flag space and a reproducible task suite.",https://arxiv.org/abs/2604.20938
Who is Introducing the Failure? Automatically Attributing Failures of Multi-Agent Systems via Spectrum Analysis,"Ge Yu, Linna Xie, Zhonghui Li, Yu Pei, Tian Zhang",ArXiv.org,2025-09-17,8,다중 에이전트 시스템에서 실패를 특정 에이전트에 귀속시키는 spectrum analysis 기법. HSIL ATTRIB 단계가 '어떤 하네스 컴포넌트가 실패를 유발했는가'를 귀속하는 것과 직접 대응됨.,failure attribution/spectrum analysis/multi-agent,"1 2 3

123
the plan to acquire information related to the query step Orch request WebSurfer search the paper and locate the specific volume of the fish bag step Orch request WebSurfer follow the link and locate the specific volume of the fish bag step 4 Web type 'University of Leicester paper 'Can Hiccup Supply Enough Fish to Maintain a Dragon's Diet?'' show the metadata extracted from the webpage after type action step Web click 'Can Hiccup Supply Enough Fish to Maintain a Dragon's Diet?' show the metadata extracted from the webpage after click action step 5 . . . . . .Web type 'University of Leicester paper Can Hiccup Supply Enough Fish to Maintain a Dragon's Diet' show the metadata extracted from the webpage after type action.(similar to step 3) step 21 Web click 'PDF' show the metadata extracted from the webpage after click action.step 25 Orch request FileSurfer search the downloaded PDF for the keywords 'volume of fish bag', 'm^3' step 26 Occuered 'Error processing publish message\' reached the exception limit and terminate the task Web Orch File used agents File address: file:///workspace/Downloads/733-Article.pdf## Error 40 File not found: /workspace/Downloads/733-Article.pdf""step 11 Orch new plan summary the fact acquired and establish the new plan step 17 . . . . . . . . . . . . . . . . . .(a) A failed execution trajectory where multiple agents collaborate but the task does not reach the correct outcome.Four additional runs of the same task, including two failures and two successes.",https://arxiv.org/abs/2509.13782
On The Statistical Limits of Self-Improving Agents,"Chen Wang, Keir Dorchen, Peter Jin",arXiv (Cornell University),2025-10-05,0,자가개선 에이전트의 학습가능성 경계를 VC 차원으로 증명: policy-reachable family의 용량이 유계일 때만 PAC 보존. Two-Gate 정책(검증 마진 τ + 용량 상한 K[m])은 HSIL REGRESS의 held-in/held-out 검증과 이론적으로 정합함.,learnability boundary/Two-Gate/capacity cap/self-improvement,"1


arXiv:2510.04399v2 [cs.AI] 1 Feb 2026 Our Contributions.




Proof.Immediate by reduction to Section 4. Apply the representational boundary theorem, Theorem 1, to the induced set H Z reach [u].Reference family and proxy-cap subfamily.Fix a single parameterized super-family G ⊆ Y X that contains every induced class: H[Z] ⊆ G for all Z.For K ∈ N define the proxy-cap subfamily




Proposition 7. Proxy-cap sufficiency If B[Z] ≥ VC[H[Z]] for all Z and the capacity gate enforces B[Z new ] ≤ K[m], then the Two-Gate guarantee holds with",https://arxiv.org/abs/2510.04399
TDAD: Test-Driven Agentic Development - Reducing Code Regressions in AI Coding Agents via Graph-Based Impact Analysis,"Pepe Alonso, Sergio Yovine, Victor Braberman",ArXiv.org,2026-03-18,0,"에이전트 패치가 기존 통과 테스트를 얼마나 깨뜨리는지(P→F flip)를 회귀 메트릭으로 격상시킴.그래프 기반 impact analysis로 사전 검증→자가수정 루프까지 포함. HSIL REGRESS 단계의 '기존 케이스 퇴행 방지'와 프로토콜이 정확히 일치하며, 자가개선 루프(12%→60%, 0% 회귀)도 보고함.",regression testing/flip-centered gating/impact analysis,"Introduction
1Introduction Large-language-model (LLM) based coding agents have demonstrated impressive ability to resolve real-world software issues. On SWE-bench Verified [jimenez2024swebench], state-of-the-art agents resolve over 70% of GitHub issues from popular open-source repositories. Evaluation, however, centers almost exclusively on resolution rate: the fraction of issues for which the agent’s patch passes the issue-specific tests. A complementary question—how many previously-passing tests does the patch break?—receives far less attention, despite recent evidence that regressions and CI/CD failures are a leading cause of rejected agent-authored pull requests [metr2026swebench, ehsani2026agentfail]. Regressions are hard to prevent without dependency awareness. An agent can either run all tests (too slow for large codebases) or run only tests near the changed files (missing indirect dependencies). This problem parallels classical regression test selection (RTS) [elbaum2014techniques, legunsen2016extensive], but the agentic context introduces novel requirements: changes are generated programmatically, the agent has a limited context window, and test verification must happen before submission rather than in a CI pipeline afterward. In the baseline experiments, a vanilla agent caused 562 pass-to-pass (P2P) test failures across 100 instances—an average of 6.5 broken tests per generated patch. The SWE-bench evaluation harness already collects the data needed to measure regressions: the PASS_TO_PASS test set records tests that passed before the gold patch and should still pass afterward. Yet this data is not surfaced in leaderboard rankings. Recent evidence reinforces this concern: METR [metr2026swebench] found that roughly half of SWE-bench-passing patches would not be merged by real maintainers, and Ehsani et al. [ehsani2026agentfail] show that CI/CD failures are a leading cause of rejected agent-authored pull requests. Regression rate deserves first-class status alongside resolution rate. This paper presents TDAD (Test-Driven Agentic Development), an open-source tool that performs pre-change impact analysis for AI coding agents. TDAD builds a dependency map between source code and tests so that before committing a patch, the agent knows exactly which tests to verify and can self-correct (Figure ). The key insight is that agents do not need to be told how to do TDD; they need to be told which tests to check. At runtime the agent needs only grep and pytest—no graph database, MCP server, or API calls. The evaluation spans two phases on SWE-bench Verified—a controlled comparison on 100 instances with a single model, followed by a generalization study with a different model and agent framework—yielding four key findings: 70% regression reduction. In Phase 1 (100 instances, Qwen3-Coder 30B, single-agent setup), TDAD reduced test-level regression rate from 6.08% to 1.82% (562 155 P2P failures). TDD Prompting Paradox. In the same Phase 1 setup, an ablation adding TDD procedural instructions (write tests first, then implement) without telling the agent which specific tests to check actually increased regressions to 9.94%—worse than vanilla. Procedural instructions without targeted context are counterproductive. Resolution improvement as agent skill. In Phase 2 (25 instances, different model Qwen3.5-35B-A3B + OpenCode agent), TDAD improved resolution from 24% to 32% and generation from 40% to 68%, confirming generalization beyond the original setup. Autonomous self-improvement. An auto-improvement loop (10-instance subset) iteratively refined TDAD’s own configuration, raising resolution from 12% to 60% with 0% regression. Contributions. (1) An open-source tool for graph-based test impact analysis (pip install tdad); (2) a benchmark methodology elevating regression rate to a first-class metric; (3) empirical evidence across two models and agent frameworks; (4) an autonomous auto-improvement loop for iterative tool refinement; (5) all code, data, and 28 experiments released under MIT license.",https://arxiv.org/abs/2603.17973
AgentAssay: Token-Efficient Regression Testing for Non-Deterministic AI Agent Workflows,Varun Pratap Bhardwaj,arXiv (Cornell University),2026-03-03,0,"비결정론적 에이전트 워크플로를 위한 최초의 토큰 효율적 회귀 테스트 프레임워크. 3치 판정(Pass/Fail/Inconclusive), 행동 지문(fingerprinting), SPRT 적응 등은 HSIL REGRESS의 통계적 회귀 검증과 정합함. 행동 지문이 86% 검출력을 보이는 반면 이진 판정은 0%였음.",regression testing/stochastic verdicts/behavioral fingerprinting,"Autonomous AI agents are deployed at unprecedented scale, yet no principled methodology exists for verifying that an agent has not regressed after changes to its prompts, tools, models, or orchestration logic. We present AgentAssay, the first token-efficient framework for regression testing non-deterministic AI agent workflows, achieving 78-100% cost reduction while maintaining rigorous statistical guarantees. Our contributions include: (1) stochastic three-valued verdicts (PASS/FAIL/INCONCLUSIVE) grounded in hypothesis testing; (2) five-dimensional agent coverage metrics; (3) agent-specific mutation testing operators; (4) metamorphic relations for agent workflows; (5) CI/CD deployment gates as statistical decision procedures; (6) behavioral fingerprinting that maps execution traces to compact vectors, enabling multivariate regression detection; (7) adaptive budget optimization calibrating trial counts to behavioral variance; and (8) trace-first offline analysis enabling zero-cost testing on production traces. Experiments across 5 models (GPT-5.2, Claude Sonnet 4.6, Mistral-Large-3, Llama-4-Maverick, Phi-4), 3 scenarios, and 7,605 trials demonstrate that behavioral fingerprinting achieves 86% detection power where binary testing has 0%, SPRT reduces trials by 78%, and the full pipeline achieves 100% cost savings through trace-first analysis. Implementation: 20,000+ lines of Python, 751 tests, 10 framework adapters.",https://arxiv.org/abs/2603.02601
SGM: A Statistical Godel Machine for Risk-Controlled Recursive Self-Modification,"Xuening Wu, S. Yin, Yanlan Kang, Xiong Zhang, Qinghong Xu, Zhiyuan Chen, Wenqiang Zhang",ArXiv.org,2025-10-11,1,"재귀적 자기수정을 위한 최초의 통계적 안전 계층. 전역 오류 예산으로 유해 변경 채택 확률을 상한 제어하며, 채택된 수정만 incumbent로 승격.HSIL REGRESS + MERGE의 '안전한 변경만 병합' 원칙과 정합함.",statistical safety/recursive self-modification/error budget,"Introduction


Recursive self-modification has often been discussed as a cornerstone for building continually improving ML systems (Yampolskiy, 2015). Modern ML already hints at this trend: reinforcement learning agents tune hyperparameters online, AutoML loops search over training recipes, and optimization pipelines reconfigure code and settings during runs. Yet these procedures often adopt changes on the basis of noisy gains, creating the risk of harmful edits -modifications that seems beneficial in finite trials but ultimately degrade true performance. Such risks are especially concerning in high-stakes scientific domains such as drug design, protein engineering, or climate modeling, where spurious gains can misdirect costly pipelines. 

Gödel machines (Schmidhuber, 2007) offer a conceptually clean answer: an agent rewrites its code only when it can prove the rewrite increases expected utility. But in stochastic, high-dimensional ML, such formal proofs are unattainable. At the other extreme, practical AutoML and RL systems adopt edits using heuristics such as rolling averages, best-of-seeds, or bandit rules, which lack guarantees and may silently accumulate regressions. This gap motivates our question: Figure 1: SGM architecture: At each round t, the Proposer (Π) generates a candidate θ ′ t , which is compared to the current Incumbent (θ t ) by the Evaluation Harness (H). The SGM Gate (G) then applies statistical tests to certify or reject the edit, ensuring risk-controlled acceptance with bounded error probability. If certified, the incumbent is updated; otherwise, the system remains unchanged. 

Can we provide a principled safety layer for recursive edits, ensuring that self-modification proceeds only when supported by rigorous statistical evidence? 

We introduce the Statistical Gödel Machine (SGM), which establishes the first statistical safety layer for recursive self-modification. Instead of demanding logical proofs, SGM admits a modification only when statistical certificates certify superiority at a chosen confidence level. To remain safe across many rounds, SGM allocates a global error budget using union-bound splits or anytime spending rules (e.g., e-values), bounding the probability of ever adopting a harmful change. Importantly, SGM is not designed to generate stronger proposals, but to serve as a risk-control framework that can wrap around arbitrary proposers, consistently filtering noise while preserving genuine progress. 

Unlike standard sequential testing or online false discovery rate (FDR) methods, SGM governs irreversible commits: each accepted edit rewrites the incumbent and persists into future rounds, requiring error control across an open-ended sequence. 

We evaluate SGM across reinforcement learning, black-box optimization, and supervised learning. On CIFAR-100, SGM certified a genuine +5.5pp gain under a 30-seed stress test, while on ImageNet-100 it correctly rejected a seemingly promising edit that failed confirmation. These results highlight SGM's role as a reusable risk-control layer for self-improving ML pipelines.",https://arxiv.org/abs/2510.10232
Agentic Context Engineering: Evolving Contexts for Self-Improving Language Models,"Qizheng Zhang, Changran Hu, Shubhangi Upasani, Boyuan Ma, Feng-Lei Hong, Vamsidhar Kamanuru, Jay Rainton, Wu Chen, Mengmeng Ji, Hanchen Li, Urmish Thakker, James Zou, Kunle Olukotun",ArXiv.org,2025-10-06,64,"컨텍스트를 '진화하는 플레이북'으로 처리하는 ACE 프레임워크. Generator/Reflector/Curator 3역할 분업이 HSIL PLAYBOOK 단계와 직접 대응. 증분 delta 업데이트, 유틸리티 카운터, 컨텍스트 붕괴 방지 메커니즘이 HSIL의 지식 누적 전략과 정합함.AppWorld +17.1%, 핀런스 +8.6% 개선.",playbook/agentic context engineering/incremental updates,"Table 3 :

3
Ablation Studies on AppWorld.We study how particular design choices of ACE (iterative refinement, multi-epoch adaptation, and offline warmup) could help high-quality context adaptation.
MethodLatency (s)↓ # Rollouts↓Method Latency (s)↓ Token Cost ($)↓ReAct + GEPA538981434DC (CU)6510417.7ReAct + ACE9517 (-82.3%)357 (-75.1%)ACE5503 (-91.5%)2.9 (-83.6%)(a) Offline (AppWorld).



[1,2],29]28]ontinuous Learning.Online and continuous learning are key research directions in machine learning for addressing issues like distribution shifts[19,24]and limited training data[21,37,60].ACE offers a flexible and efficient alternative to conventional model fine-tuning, as adapting contexts is generally cheaper than updating model weights[9,20,26,28].Moreover, because contexts are human-interpretable, ACE enables selective unlearning[8,10,29]-whether due to privacy or legal constraints[1,2], or when outdated or incorrect information is identified by domain experts.These are promising directions for future work, where ACE could play a central role in advancing continuous and responsible learning.




8. Once you have completed the task, make sure to call apis.supervisor.complete_task().If the task asked for some information, return it as the answer argument, i.e. call apis.supervisor.complete_task(answer=<answer>).Many tasks do not require an answer, so in those cases, just call apis.supervisor.complete_task()i.e.do not pass any argument.9.Treat the cheatsheet as a tool.Use only the parts that are relevant and applicable to your specific situation and task context, otherwise use your own judgement.You are an analysis expert tasked with answering questions using your knowledge, a curated playbook of strategies and insights and a reflection that goes over the diagnosis of all previous mistakes made while answering the question.Instructions: -Read the playbook carefully and apply relevant strategies, formulas, and insights -Pay attention to common mistakes listed in the playbook and avoid them -Show your reasoning step-by-step -Be concise but thorough in your analysis -If the playbook contains relevant code snippets or formulas, use them appropriately -Double-check your calculations and logic before providing the final answer Your output should be a json object, which contains the following fields: -reasoning: your chain of thought / reasoning / thinking process, detailed analysis and calculations -bullet_ids: each line in the playbook has a bullet_id.all bulletpoints in the playbook that's relevant, helpful for you to answer this question, you should include their bullet_id in this list -final_answer: your concise final answer
# To get a list of apps that are available to you.print(apis.api_docs.show_app_descriptions())# To get the list of apis under any app listed above, e.g. spotifyprint(apis.api_docs.show_api_descriptions(app_name='spotify'))# To get the specification of a particular api, e.g. spotify app's login apiprint(apis.api_docs.show_api_doc(app_name='spotify', api_name='login'))Playbook:{}Reflection:{}Question:{}Context:{}Answer in this exact JSON format:{""reasoning"": ""[Your chain of thought / reasoning / thinking process, detailed analysis and calculations]"",""bullet_ids"": [""calc-00001"", ""fin-00002""],""final_answer"": ""[Your concise final answer here]""}Using these APIs and cheatsheet, generate code to solve the actual task:My name is: {{ main_user.first_name }} {{ main_user.last_name }}. My personal email is {{ main_user.email }} and phone number is {{main_user.phone_number }}. Task: {{ input_str }}Figure 9: ACE Generator prompt on AppWorld
You are an expert AppWorld coding agent and educator.Your job is to diagnose the current trajectory: identify what went wrong (or could be better), grounded in execution feedback, API usage, unit test report, and ground truth when applicable.Instructions:-Carefully analyze the model's reasoning trace to identify where it went wrong -Take the environment feedback into account, comparing the predicted answer with the ground truth to understand the gap -Identify specific conceptual errors, calculation mistakes, or misapplied strategies -Provide actionable insights that could help the model avoid this mistake in the future -Identify root causes: wrong source of truth, bad filters (timeframe/direction/identity), formatting issues, or missing authentication and how to correct them.-Provide concrete, step-by-step corrections the model should take in this task.-Be specific about what the model should have done differently -You will receive bulletpoints that are part of playbook that's used by the generator to answer the question.-You need to analyze these bulletpoints, and give the tag for each bulletpoint, tag can be ['helpful', 'harmful', 'neutral'] (for the generator to generate the correct answer) -Explicitly curate from the environment feedback the output format/schema of APIs used when unclear or mismatched with expectations (e.g., apis.blah.show_contents()returns a list of content_ids (strings), not content objects)Inputs:Ground truth code (reference, known-correct): Ground Truth Code: [Code that uses apis.phone.search_contacts() to find roommates, then filters Venmo transactions] Generated Code: [Code that tries to identify roommates by parsing Venmo transaction descriptions using keywords like ""rent"", ""utilities""] Execution Error: AssertionError: Expected 1068.0 but got 79.0 Test Report: FAILED -Wrong total amount calculated due to incorrect roommate identification Response: {{ ""reasoning"": ""The generated code attempted to identify roommates by parsing Venmo transaction descriptions rather than using the authoritative Phone app contacts.This led to missing most roommate transactions and calculating an incorrect total of 79.0 instead of 1068.0."", ""error_identification"": ""The agent used unreliable heuristics (keyword matching in transaction descriptions) to identify roommates instead of the correct API (Phone contacts)."",""root_cause_analysis"": ""The agent misunderstood the data architecture -it assumed transaction descriptions contained reliable relationship information, when the Phone app is the authoritative source for contact relationships."",""correct_approach"": ""First authenticate with Phone app, use apis.phone.search_contacts() to identify contacts with 'roommate' relationship, then filter Venmo transactions by those specific contact emails/phone numbers."",""key_insight"": ""Always resolve identities from the correct source app -Phone app for relationships, never rely on transaction descriptions or other indirect heuristics which are unreliable.""GROUND_TRUTH_CODE_START}}Example 2:Ground Truth Code: [Code that uses proper while True pagination loop to get all Spotify playlists] Generated Code: [Code that uses for i in range(10)to paginate through playlists] Execution Error: None (code ran successfully) Test Report: FAILED -Expected 23 playlists but got 10 due to incomplete pagination Response: {{ ""reasoning"": ""The generated code used a fixed range loop (range(10)) for pagination instead of properly iterating until no more results are returned.This caused the agent to only collect the first 10 pages of playlists, missing 13 additional playlists that existed on later pages."",""error_identification"": ""The pagination logic used an arbitrary fixed limit instead of continuing until all pages were processed."",""root_cause_analysis"": ""The agent used a cautious approach with a fixed upper bound to avoid infinite loops, but this prevented complete data collection when the actual data exceeded the arbitrary limit."",""correct_approach"": ""Use while True loop with proper break condition: continue calling the API with incrementing page_index until the API returns empty results or null, then break."",""key_insight"": ""For pagination, always use while True loop instead of fixed range iterations to ensure complete data collection across all available pages.""Context: -The playbook you created will be used to help answering similar questions.-The reflection is generated using ground truth answers that will NOT be available when the playbook is being used.So you need to come up with content that can aid the playbook user to create predictions that likely align with ground truth.Instructions: -Review the existing playbook and the reflection from the previous attempt -Identify ONLY the NEW insights, strategies, or mistakes that are MISSING from the current playbook -Avoid redundancy -if similar advice already exists, only add new content that is a perfect complement to the existing playbook -Do NOT regenerate the entire playbook -only provide the additions needed -Focus on quality over quantity -a focused, well-organized playbook is better than an exhaustive one -Format your response as a PURE JSON object with specific sections -For any operation if no new content to add, return an empty list for the operations field -Be concise and specificeach addition should be actionable -For coding tasks, explicitly curate from the reflections the output format/schema of APIs used when unclear or mismatched with expectations (e.g., apis.blah.show_contents()returns a list of content_ids (strings), not content objects) Reflections: ""The agent used a fixed range loop for pagination instead of properly iterating through all pages until no more results are returned.This caused incomplete data collection.""Task Context (the actual task instruction): {question_context}Response:Your Task: Output ONLY a valid JSON object with these exact fields: -reasoning: your chain of thought / reasoning / thinking process, detailed analysis and calculationsoperations: a list of operations to be performed on the playbook -type: the type of operation to be performed -section: the section to add the bullet to -content: the new content of the bullet Available Operations: 1. ADD: Create new bullet points with fresh IDs -section: the section to add the new bullet to -content: the new content of the bullet.Note: no need to include the bullet_id in the content like '[ctx-00263] helpful=1 harmful=0 ::', the bullet_id will be added by the system.RESPONSE FORMAT -Output ONLY this JSON structure (no markdown, no code blocks):{ ""reasoning"": ""The reflection shows a critical error where the agent used unreliable heuristics (transaction descriptions) instead of the authoritative source (Phone app contacts) to identify relationships.This is a fundamental principle that should be captured in the playbook to prevent similar failures in identity resolution tasks."",""operations"": [ { ""type"": ""ADD"", ""section"": ""strategies_and_hard_rules"", ""content"": ""Always resolve identities from the correct source app\n-When you need to identify relationships (roommates, contacts, etc.), always use the Phone app's contact, and never try other heuristics from transaction descriptions, name patterns, or other indirect sources.These heuristics are unreliable and will cause incorrect results.""} ] } { ""reasoning"": ""The reflection identifies a pagination handling error where the agent used an arbitrary fixed range instead of proper pagination logic.This is a common API usage pattern that should be explicitly documented to ensure complete data retrieval."",""operations"": [ { ""type"": ""ADD"", ""section"": ""apis_to_use_for_specific_information"", ""content"": ""About pagination: many APIs return items in \""pages\"".Make sure to run through all the pages using while True loop instead of for i in range(10)",https://arxiv.org/abs/2510.04618
GUIDE: Guided Updates for In-context Decision Evolution in LLM-Driven Spacecraft Operations,"Alejandro Carrasco, Mariko Storey-Matsutani, Víctor Rodríguez-Fernández, Richard Linares",arXiv (Cornell University),2026-03-28,0,"우주선 운영에서 상태조건부 행동 가이드를 자연어 플레이북으로 학습→에피소드 반성으로 반복 개선. 사전 조건이 충족될 때 활성화되는 bullet 구조, 초기 빈 플레이북에서 시작해 에피소드 경험으로 진화하는 메커니즘이 HSIL PLAYBOOK의 점진적 지식 축적과 정합함.",playbook/episodic reflection/state-conditioned guidance,"Playbook Representation
Rather than learning a policy through gradient optimization, action selection is conditioned on a language-structured context , where is a dynamic playbook providing state-conditioned behavioral guidance. The acting model receives a fixed baseline prompt encoding generic domain instructions (e.g., guard avoidance and prograde alignment for interception). This baseline remains constant across all experiments and is not modified during training. The playbook is initially empty and evolves over episodes. It is represented as a collection of bullets or natural language rules, optionally annotated with a state predicate , where a bullet becomes active when its condition evaluates to true (e.g., distance thresholds or approach conditions). Active bullets are injected into the prompt at runtime, augmenting the fixed baseline context and modifying the decision distribution. The learned object in our framework is therefore not the model parameters nor the fixed baseline prompt, but the evolving playbook .",https://arxiv.org/abs/2603.27306
Layered Mutability: Continuity and Governance in Persistent Self-Modifying Agents,Krti Tallam,,2026-04-16,0,자기수정 에이전트의 5계층 가변성 스택(프롬프트/메모리/자기서술/런타임/가중치)과 래칫 문제. editable tier의 관측 가능성이 거버넌스의 핵심이라는 논증이 HSIL의 Editable Surface Tier(A/B/C)와 직접 공명.얕은 되돌리기로 행동 정체성이 복원되지 않는 실험도 MERGE의 신중한 체계와 연관됨.,layered mutability/editable surface/governance/ratchet problem,"Frontier systems are becoming more operational
Anthropic’s Mythos system card is useful here not because it proves self-modification, but because it clarifies the direction of risk. The most striking reported gains are concentrated in operational benchmarks: agentic coding, tool-enabled reasoning, terminal operation, computer use, and cyber evaluation [anthropic2026mythos]. The frontier is not only becoming more knowledgeable. It is becoming more operational. That matters because safety is already shifting outward from model-internal disposition to deployment regime. A model can remain well aligned in the familiar sense while becoming more consequential simply because its capabilities are now better coupled to tools, interfaces, and real environments. If that is already true for non-self-modifying systems, then the combination of operational capability and self-modification compounds the concern. A system that drifts in priorities while gaining stronger ability to act on those priorities is drifting in capacity, not only in character.",https://arxiv.org/abs/2604.14717
Harness as an Asset: Enforcing Determinism via the Convergent AI Agent Framework (CAAF),Tianbao Zhang,,2026-04-18,0,"하네스를 버전관리·동결·RBAC 거버넌스 하의 기업 자산으로 취급. Change Approval Board, 테스트 주도 검증 후 동결, UAI 판정의 결정론적 증거 추적 등이 HSIL MERGE의 '승인 게이트 필수' 원칙(Tier B/C)과 정합함. LLM 기반 평가의 0% 역설 검출이 Oracle 검증의 필요성을 실증.",harness as asset/RBAC/approval board/determinism,"LLM Agent Frameworks
Prompt Engineering treats the LLM as a black-box stochastic optimizer, refining inputs to maximize the probability of a desirable output distribution. CAAF explicitly supersedes this approach: rather than optimizing the input to a single inference, it applies a formal cybernetic control loop to the output across multiple iterations. ReAct [yao2023react] introduced the ThoughtActionObservation loop. CAAF extends this paradigm by externalizing the “Observation” phase into a computationally isolated, deterministic Reviewer—enforcing the Strict Role Isolation that [huang2024cannot] demonstrate is necessary for reliable complex reasoning. Orchestration and Multi-Agent Frameworks. LangGraph [langgraph2024] provides durable graph-based orchestration but admits “Node Logic Leakage” absent manual per-node guards. AutoGen [wu2023autogen] and Multiagent Debate [du2024improving] enable social-handoff actor patterns; in constraint-satisfaction settings these are susceptible to Stochastic Oscillation (Section 6) and False Consensus (Section 8). CAAF replaces qualitative social handoffs with unarguable semantic gradients mechanically mapped to UAI results. AgentForge [jafari2026agentforge] represents a recent class of lightweight modular agent frameworks that compose skills as a DAG with YAML-based configuration; CAAF complements this direction by adding a deterministic external validator (UAI) and a convergence loop on top of the same compositional primitives. Recursive Context Decomposition. Recursive task decomposition with isolated subcontexts has become a commodity primitive, formalized recently as Recursive Language Models [zhang2025recursivelm] and shipped in production developer-facing agent SDKs. CAAF’s RAD contribution is the harness coupling described in Section 3.2: each isolated subcontext receives only the harness slice declared in its scope, so isolation functions as a compliance firewall, not just a context-window economy measure.",https://arxiv.org/abs/2604.17025
Measuring the Permission Gate: A Stress-Test Evaluation of Claude Code's Auto Mode,"Zimo Ji, Zongjie Li, Wenyuan Jiang, Yudong Gao, Shuai Wang",,2026-04-04,0,"Claude Code 자동 모드의 3계층 권한 구조(Tier 1: 읽기, Tier 2: 프로젝트 내 파일 편집, Tier 3: 쉘 명령)를 스트레스 테스트. Tier 2 커버리지 갭(파일 편집으로 상태 변경 시 분류기 우회, 81.0% FNR)이 HSIL Editable Surface Tier의 설계 의사결정에 직접적 시사점을 제공.",permission tiers/coverage gap/scope escalation,"Conclusion
We present a stress-test evaluation of Claude Code’s auto mode permission system, focusing on the scope escalation threat category with deliberately ambiguous authorization tasks. Our 128-prompt benchmark, evaluated at the action level across 253 state-changing operations, yields two complementary findings. First, the end-to-end FNR is 81.0% on this targeted workload; but even restricting to the 160 actions the classifier actually evaluates (Tier 3), the FNR remains 70.3% with an FPR of 31.9%, indicating that the classifier shows reduced accuracy on scope-boundary reasoning tasks even on actions it evaluates. Second, 36.8% of all state-changing actions fall outside the classifier’s scope through Tier 2 (in-project file edits), a structural coverage gap that produces 100% FNR on those actions by construction. While our benchmark uses synthetic DevOps environments, the underlying mechanism, tool substitution (where agents achieve state changes through file edits when CLIs are unavailable), is a general property of agentic systems that may inform the design of future permission gates.",https://arxiv.org/abs/2604.04978
Agent-Testing Agent: A Meta-Agent for Automated Testing and Evaluation of Conversational AI Agents,"Sameer Komoravolu, Khalil Mrini",ArXiv.org,2025-08-24,0,에이전트 약점을 체계적으로 발굴하는 메타 에이전트. Weakness Planning 단계(코드 검사+도메인 지식으로 실패 가설 구축→우선순위화)와 Weakness Execution(적대적 프로빙)이 HSIL MINE 단계와 직접 대응. 글로벌 메모리로 동기화된 병렬 스레드 구조도 특징적.,weakness planning/adversarial probing/failure mining,"Weakness Planning


The weakness planning phase of the ATA is responsible for constructing a theory of where and how an agent is likely to fail.Rather than relying on fixed benchmarks, the ATA builds this theory from scratch-through interaction with the user, structural inspection of the agent's codebase, and retrieval of domain-specific knowledge.These components collectively populate a shared memory structure, which is then used to reason through plausible weaknesses using chain-ofthought prompting.The result is a validated, prioritized list of failure types that the ATA can systematically probe in the testing phase.This is illustrated by figure 2.",https://arxiv.org/abs/2508.17393
Where LLM Agents Fail and How They can Learn From Failures,"Kunlun Zhu, Zijia Liu, Bingxuan Li, Muxin Tian, Yingxuan Yang, Jiaxun Zhang, Pengrui Han, Qipeng Xie, Fuyang Cui, Weijia Zhang, Xiaoteng Ma, Xiaodong Yu, Gowtham Ramesh, Jialian Wu, Zicheng Liu, Pan Lu, James Zou, Jiaxuan You",ArXiv.org,2025-09-29,21,"에이전트 실패의 발생 단계(초기/중간/후기)를 분석하고, 실패에서 학습하기 위한 3단계 세분화 프레임워크(Critical Error Detection→Taxonomy→Fine-grained Analysis)를 제안. HSIL MINE의 '재발 패턴 분류' 및 ATTRIB의 '원인 귀속'과 정합함.",failure learning/error taxonomy/actionable feedback,"Stage 1. Stage 2. Stage 3. Actionable Feedback Iteration 1 Iteration 2~N

AnalysisCritical Error DetectionRepeat if or within max num of attempts
TaxonomyIteratively Debugging Fine-grained Analysis",https://arxiv.org/abs/2509.25370
Demand-Driven Context: A Methodology for Building Enterprise Knowledge Bases Through Agent Failure,"Raj Navakoti, Saideep Navakoti",ArXiv.org,2026-03-14,0,에이전트 실패를 기업 지식 큐레이션의 1차 신호로 사용하는 DDC 방법론.TDD와 유사하게 '실패하는 문제→최소 컨텍스트 큐레이션' 사이클. HSIL PLAYBOOK의 '실패에서 교훈 추출'과 MINE의 '지식 갭 식별'이 결합된 형태.,demand-driven context/failure-driven learning/knowledge curation,"Introduction
Give a large language model a problem in software architecture, medicine, or law, and it performs remarkably well. Give it a problem specific to your enterprise—one involving your internal systems, your domain-specific terminology, your operational workflows, and the decisions that shaped them—and it performs like a new employee on their first day. Expert reasoning. Zero institutional memory. This is not a model capability problem. Modern LLMs demonstrate strong general expertise across domains—engineering, operations, analysis—and powerful processing capabilities in reasoning and synthesis. Where they consistently score zero is on enterprise domain knowledge: the terminology, system interdependencies, operational procedures, business rules, and institutional history that exist largely as tribal knowledge distributed across wikis, chat threads, runbooks, and the heads of experienced staff. The enterprise AI community has recognized this gap. Retrieval-Augmented Generation (RAG) attempts to bridge it by retrieving relevant documents at query time [lewis2020rag]. But RAG retrieves—it does not curate. It surfaces existing documents without verifying their relevance, currency, or completeness. When the knowledge exists only as tribal knowledge—undocumented, fragmented, or outdated—RAG has nothing to retrieve. More recently, agentic approaches have emerged. ACE [zhang2025ace] treats LLM contexts as evolving “playbooks” that improve through automated feedback loops. Reflexion [shinn2023reflexion] enables agents to learn from their own failures. ExpeL [zhao2023expel] extracts reusable insights from agent experience. These systems optimize how agents behave—execution strategies, tool-use patterns, reasoning heuristics. But they cannot acquire the enterprise domain knowledge that makes those strategies meaningful. An agent that has learned excellent reasoning strategies still cannot answer “Why does the nightly batch job retry three times before escalating to the on-call team?” without someone providing that context. We propose Demand-Driven Context (DDC), a methodology that treats agent failure as the primary signal for what enterprise knowledge to curate. The core insight is borrowed from Test-Driven Development [beck2002tdd]: just as TDD writes a failing test before writing code, DDC gives an agent a failing problem before curating context. The agent’s failure identifies precisely what domain knowledge is missing. A human expert then curates only the minimum context needed for the agent to succeed. This curated knowledge is structured using a typed entity meta-model, stored as version-controlled markdown files, and accumulated across cycles. DDC makes three claims: Agent failure is a reliable signal for identifying knowledge gaps in enterprise domains. Human-curated, demand-driven knowledge is more efficient and more accurate than top-down documentation or automated context optimization. Convergence: after 20–30 DDC cycles for a given domain role, the knowledge base stabilizes—each new problem requires fewer new entities because previous cycles already curated overlapping knowledge. In this paper, we describe the DDC methodology (Section ), demonstrate it through a worked example in retail order fulfillment incident management (Section ), present a scaling architecture for enterprise adoption (Section ), and discuss limitations and future work (Sections –).",https://arxiv.org/abs/2603.14057
AgentDevel: Reframing Self-Evolving LLM Agents as Release Engineering,Di Zhang,ArXiv.org,2026-01-08,2,"에이전트 개선을 릴리즈 엔지니어링으로 재구성: 단일 캐논컬 에이전트 라인, RC 기반 승격, P→F/F→P flip-centered 게이팅. 구현-블라인드 증상 수준 비평가, 실행 가능 진단 스크립트 등이 HSIL REGRESS의 flip 검증 및 MERGE의 승격 체계와 정합함.",release engineering/flip-centered gating/RC promotion,"Recent progress in large language model (LLM) agents has largely focused on embedding self-improvement mechanisms inside the agent or searching over many concurrent variants. While these approaches can raise aggregate scores, they often yield unstable and hard-to-audit improvement trajectories, making it difficult to guarantee non-regression or to reason about failures across versions. We reframe agent improvement as \textbf{release engineering}: agents are treated as shippable artifacts, and improvement is externalized into a regression-aware release pipeline. We introduce \textbf{AgentDevel}, a release engineering pipeline that iteratively runs the current agent, produces implementation-blind, symptom-level quality signals from execution traces, synthesizes a single release candidate (RC) via executable diagnosis, and promotes it under flip-centered gating. AgentDevel features three core designs: (i) an implementation-blind LLM critic that characterizes failure appearances without accessing agent internals, (ii) script-based executable diagnosis that aggregates dominant symptom patterns and produces auditable engineering specifications, and (iii) flip-centered gating that prioritizes pass to fail regressions and fail to pass fixes as first-class evidence. Unlike population-based search or in-agent self-refinement, AgentDevel maintains a single canonical version line and emphasizes non-regression as a primary objective. Experiments on execution-heavy benchmarks demonstrate that AgentDevel yields stable improvements with significantly fewer regressions while producing reproducible, auditable artifacts. Overall, AgentDevel provides a practical development discipline for building, debugging, and releasing LLM agents as software development.",https://arxiv.org/abs/2601.04620
Forage V2: Knowledge Evolution and Transfer in Autonomous Agent Organizations,Huaqing Xie,,2026-04-21,0,Generation 3 하네스로 '평가 기준 자체를 자율 발견·정제'하는 Forage V2. 조직적 경험(읽을 수 있는 지식 문서) vs 개별 경험의 구분이 HSIL PLAYBOOK의 조직적 지식과 공명.강약 전이(Opus→Sonnet 시딩)도 MERGE의 신뢰 전파와 연관.,organizational knowledge/evaluation discovery/knowledge transfer,"A Taxonomy of Agent Self-Deception
The isolation breach is one instance of a broader pattern. Across our experiments and V1 baselines, we observe four distinct modes of agent self-deception: The first two modes are structural—they arise from combining executor and evaluator roles in a single agent. Method isolation eliminates them by design. The third is subtler: even with isolation, the Evaluator may prematurely accept its own evaluation criteria as complete. The exploration drive mechanism (§)—particularly the prompt-level self-audit checklist—forces the Evaluator to confront this tendency. The fourth mode is unique to V2: knowledge accumulation creates a new attack surface where a single breach can propagate through organizational memory. Physical workspace isolation and append-only versioning address it, but the general principle—that accumulated knowledge amplifies both good and bad patterns—is an inherent tension in learning organizations.",https://arxiv.org/abs/2604.19837
Herding CATs: ALARA for Agent Harness Engineering in Portable Composable Multi-Agent Teams,"Christopher J. Agostino, Nayan D'Souza",,2026-03-20,0,Jinx 리스트가 도구 카탈로그이자 권한 집합을 동시에 구성: 프롬프트로 '제한해달라'는 요청 대신 스키마에서 도구를 원천 제거. 이 구조적 권한 적용이 HSIL Editable Surface Tier의 'allowlist 기반 바운디드 에디트'와 정합함. NPC 파일 편집으로 자율성 연속 조절 가능.,structural permission/Jinx list/allowlist/autonomy control,"NPCs
An NPC file defines an agent through a name, a natural-language directive, a model and provider specification, and a Jinx list that simultaneously constitutes the tool catalog and the permission set. We use the Jinx list to scope each agent to the minimum set of tools its role requires, an intervention motivated by the finding that tool selection accuracy undergoes a structural phase transition as catalog size grows [shen2023taskbench, li2026single] and that agents operating with the smallest set of high-signal tokens outperform those given overlapping tools [anthropic2024agents]. The Jinx list enforces its constraint structurally rather than interpretively. A prose instruction file can request that an agent limit itself to certain tools, but the model is free to ignore or misinterpret the instruction, and attention dilution makes this increasingly likely over long contexts [liu2023lost]; tools not on the Jinx list do not exist in the agent’s schema, and no amount of prompt injection or attention drift can invoke what was never provided. The security literature arrives at this conclusion through analysis of attack surfaces [shi2025progent, tramer2025patterns, pfi2025], and we implement it through the definition format rather than through a separate enforcement layer. The same mechanism operationalizes autonomy as a continuous design parameter. An NPC with a narrow Jinx list and no delegation tool operates at low autonomy, one with the delegation Jinx and a broad catalog operates at higher autonomy, and the user repositions any agent on this spectrum by editing a YAML list. That high automation and high user control are independently achievable rather than opposed [shneiderman2022hcai] is what the NPC file makes concrete, operationalizing the automation taxonomy [parasuraman2000] and the autonomy levels that require explicit tradeoffs at each stage [feng2025autonomy] through a mechanism simple enough that users actually edit it, addressing the gap that existing co-creative systems leave open [zhang2025agency].",https://arxiv.org/abs/2603.20380
Information-Theoretic Limits of Safety Verification for Self-Improving Systems,Arsenios Scrivens,Zenodo (CERN European Organization for Nuclear Research),2026-03-26,0,안전 게이트의 이론적 한계를 증명: 전력법 위험 스케줄(α>0) 하에서는 유계 위험+무계 utility의 이중 조건을 동시 만족 불가. HSIL T0 Oracle 검증의 필수성과 REGRESS의 보수적 임계값 설정에 이론적 근거를 제공.,safety gate impossibility/self-improvement limits/verification,"Extended Related Work
Self-improving AI safety. The alignment literature discusses recursive self-improvement [bostrom2014, soares2017] and concrete safety challenges [amodei2016] but lacks formal impossibility results for the safety–utility coupling. [christiano2017] propose iterated amplification; [leike2018] formalize reward modeling. Hypothesis testing and statistical tradeoffs. The Neyman–Pearson lemma [neyman1933, lehmann2005] establishes optimal ROC tradeoffs for individual tests. The novelty is sequential composition: summability constraints on force summability on . Impossibility results in learning theory. No-free-lunch theorems [wolpert1996] show no classifier dominates across all distributions. Rice [rice1953] shows undecidability of semantic properties. Our impossibility is for a specific task under distribution overlap. Information-theoretic bounds. Fano’s inequality and its refinements [raginsky2016] provide fundamental limits. The strong data processing inequality [polyanskiy2017, ahlswede1976] bounds information processing gains. PAC-Bayes and sample complexity. [mcallester1999] bound generalization via KL divergence. [vapnik1971] established VC dimension. We use VC sample complexity to show independent barriers. Adversarial robustness. [tsipras2019] prove accuracy–robustness tradeoffs. [gilmer2018] show adversarial examples are inevitable in high dimensions. Our impossibility concerns sequential composition, not per-input robustness. Transformer Lipschitz bounds. [virmaux2018] compute spectral norms. [kim2021] analyze attention Lipschitz properties. [dasoulas2021] study Lipschitz normalization. [fazlyab2019] use SDP for tight bounds. We derive bounds for LoRA perturbations specifically.",https://arxiv.org/abs/2603.28650
Weak-for-Strong: Training Weak Meta-Agent to Harness Strong Executors,"Fan Nie, Lan Feng, Haotian Ye, Weixin Liang, Pan Lu, Huaxiu Yao, Alexandre Alahi, James Zou",ArXiv.org,2025-04-07,9,약한 메타 에이전트가 강한 실행기의 워크플로를 최적화하는 W4S 프레임워크. RL을 통해 약한 모델이 강한 모델의 행동 패턴을 학습→워크플로를 반복 개선.HSIL PROPOSE의 '제안 에이전트가 하네스 수정안 생성'과 구조적으로 유사.,weak-for-strong/meta-agent/workflow optimization,"Figure 2 :

2
Figure 2: (a) The weak meta-agent harness strong models by optimizing the workflows iteratively based on task and environment feedback.(b) To collect effective data for offline RL training, the meta-agent will sample m times in each iteration, and using the best samples to form the next state.The data form multi-turn trajectories for offline RL training.",https://arxiv.org/abs/2504.04785
Trajectory-Informed Memory Generation for Self-Improving Agent Systems,"Gaodan Fang, Vatche Isahagian, K. R. Jayaram, Ritesh Kumar, Vinod Muthusamy, Punleuk Oum, Gegi Thomas",arXiv (Cornell University),2026-03-11,0,궤적에서 전략/회복/최적화 팁을 자동 추출하는 프레임워크. 즉각원인→근접원인→근원원인의 3단계 인과 귀속이 HSIL ATTRIB과 직접 대응. 컨텍스트 인식 검색(시맨틱 유사도+메타데이터 필터+우선순위)도 PLAYBOOK의 지식 활용과 연관.,trajectory mining/causal attribution/memory retrieval,"Introduction
1Introduction Large Language Model (LLM) powered agents have enabled increasingly sophisticated automation of tasks ranging from web navigation to API orchestration. These agents operate by iteratively reasoning about tasks, selecting actions, executing them, and observing results. However, a fundamental limitation persists: Agents have amnesia because most LLMs are stateless. Agents lack systematic mechanisms to learn from their execution experiences [zhang2024survey, du2025rethinking]. An agent that struggles with a particular API authentication flow today will struggle with the same flow tomorrow unless its prompts are manually updated. An agent that discovers an efficient strategy for a task cannot automatically apply that strategy to similar future tasks. An agent that successfully recovers from an error provides no benefit to future executions that encounter similar errors. Consider a simple e-commerce task: adding items to a shopping cart and completing checkout. An agent might successfully complete this task but do so inefficiently—for instance, by calling amazon_remove_from_cart(item_id) in a loop to empty the cart when a single amazon_empty_cart() call would suffice. In another execution, the agent might fail entirely because it attempts checkout without first adding a payment method, then successfully recover by recognizing the error and adding payment information. In yet another execution, the agent might execute the task cleanly from the start by systematically verifying prerequisites before each operation. Each of these trajectories contains valuable learnings (for future executions), but of different types. The inefficient success suggests an optimization tip: when emptying a cart with multiple items, use the bulk operation rather than iterating through individual removals. The failure-then-recovery suggests a recovery tip: when checkout fails due to missing payment method, verify payment information is configured before retrying. The clean success suggests a strategy tip: before initiating checkout operations, systematically verify all prerequisites including cart contents, shipping address, and payment method availability. Current approaches to agent improvement are inadequate for capturing these diverse learning opportunities. Rule-based systems require developers to manually anticipate patterns and encode them as decision rules, making them brittle and unable to adapt to unforeseen situations. Prompt engineering improves common patterns through iteratively refined instructions and examples, but this guidance is generic rather than specific to actual deployment experiences, and there is no mechanism for automatic improvement based on observed outcomes. Generic memory systems [chhikara2025mem0, xu2025amem] store facts extracted from conversations in vector databases for later retrieval, but these systems lack several critical capabilities: they have no understanding of agent execution patterns and reasoning flows, they cannot perform causal analysis to identify which decisions led to failures or inefficiencies, they lack structured learning extraction with categories like strategy, recovery, and optimization, and they provide no provenance tracking from learnings back to source trajectories. Recent work has begun extracting reusable knowledge from agent trajectories—including workflows from successful executions [wang2024awm, feng2025agentrr], procedural instructions [fang2025memp], reasoning strategies [cai2025reasoningbank], and evolving context playbooks [zhang2025ace]—but these approaches typically learn only from successful trajectories, lack explicit causal attribution of failures, or produce monolithic documents rather than structured, retrievable memory entries. Empirical studies further demonstrate that naive experience accumulation leads to error propagation and misaligned replay [xiong2025memory], underscoring the need for quality-aware memory curation. We present a framework that addresses these limitations through trajectory-informed memory generation and retrieval. Our key insight is that agent execution histories—trajectories—contain rich semantic information about not just what happened, but why agents made decisions, how they reasoned about tasks, which strategies succeeded, which patterns proved inefficient, and where decision chains led to failures and recoveries. By analyzing these trajectories with semantic understanding, we can automatically extract actionable learnings across multiple categories, attribute failures and inefficiencies to specific decisions and reasoning steps, generate context-aware guidance, and retrieve relevant learnings based on multiple contextual dimensions. Our contributions are as follows: We introduce trajectory intelligence extraction that moves beyond raw logging to semantic understanding of agent reasoning patterns, including analytical thoughts, planning patterns, validation behaviors, reflection patterns, and self-correction sequences. We present automated decision attribution that distinguishes immediate causes, proximate causes, and root causes of failures, while also identifying which decisions led to successful recoveries and which execution patterns prove inefficient despite succeeding. We develop contextual learning generation that produces three distinct types of guidance: strategy tips encoding successful patterns from clean executions, recovery tips capturing failure handling and error correction approaches, and optimization tips identifying efficiency improvements from successful but suboptimal executions. We design adaptive memory retrieval that combines semantic similarity with metadata filtering and priority-based ranking to ensure agents receive the most relevant guidance for their specific context, including task type, domain, and execution patterns. We demonstrate the framework’s effectiveness on the AppWorld benchmark, showing consistent improvements across all difficulty levels, with particularly strong gains on complex tasks where learned experience is most valuable.",https://arxiv.org/abs/2603.10600
Securing AI Agent Execution,"Christoph Bühler, Matteo Biagiola, Luca Di Grazia, Guido Salvaneschi",ArXiv.org,2025-10-24,7,"MCP 서버용 선언적 권한 매니페스트(AgentManifest).제네릭 권한→런타임 권한 세분화, 사용자 동의 대화상자, 자동 매니페스트 생성. HSIL MERGE의 '수정 가변성 티어'와 권한 승인 프로토콜이 정합함.",permission manifest/runtime permissions/consent dialog,"Large Language Models (LLMs) have evolved into AI agents that interact with external tools and environments to perform complex tasks. The Model Context Protocol (MCP) has become the de facto standard for connecting agents with such resources, but security has lagged behind: thousands of MCP servers execute with unrestricted access to host systems, creating a broad attack surface. In this paper, we introduce AgentBound, the first access control framework for MCP servers. AgentBound combines a declarative policy mechanism, inspired by the Android permission model, with a policy enforcement engine that contains malicious behavior without requiring MCP server modifications. We build a dataset containing the 296 most popular MCP servers, and show that access control policies can be generated automatically from source code with 80.9% accuracy. We also show that AgentBound blocks the majority of security threats in several malicious MCP servers, and that policy enforcement engine introduces negligible overhead. Our contributions provide developers and project managers with a practical foundation for securing MCP servers while maintaining productivity, enabling researchers and tool builders to explore new directions for declarative access control and MCP security.",https://arxiv.org/abs/2510.21236